index,k__Bacteria;p__Firmicutes;c__Clostridia,k__Bacteria;p__Proteobacteria;c__Alphaproteobacteria,k__Bacteria;__;__,k__Bacteria;p__Spirochaetes;c__Spirochaetes,k__Bacteria;p__Cyanobacteria;c__Chloroplast,k__Bacteria;p__Proteobacteria;c__Deltaproteobacteria,k__Bacteria;p__Planctomycetes;c__Planctomycetia,k__Bacteria;p__Cyanobacteria;c__Nostocophycideae,k__Bacteria;p__Proteobacteria;c__Gammaproteobacteria,k__Bacteria;p__Verrucomicrobia;c__[Pedosphaerae],k__Bacteria;p__Verrucomicrobia;c__Verrucomicrobiae,k__Bacteria;p__Verrucomicrobia;c__[Spartobacteria],k__Bacteria;p__Planctomycetes;c__Phycisphaerae,k__Bacteria;p__Tenericutes;c__Mollicutes,k__Archaea;p__Crenarchaeota;c__Thaumarchaeota,k__Bacteria;p__Bacteroidetes;c__Bacteroidia,k__Bacteria;p__Bacteroidetes;c__Flavobacteriia,k__Bacteria;p__Bacteroidetes;c__Sphingobacteriia,k__Bacteria;p__Bacteroidetes;c__[Rhodothermi],k__Bacteria;p__Proteobacteria;c__Epsilonproteobacteria,k__Bacteria;p__[Thermi];c__Deinococci,k__Bacteria;p__Bacteroidetes;c__[Saprospirae],k__Bacteria;p__Bacteroidetes;c__Cytophagia,k__Bacteria;p__Proteobacteria;c__TA18,k__Bacteria;p__Proteobacteria;__,k__Bacteria;p__Acidobacteria;c__[Chloracidobacteria],k__Bacteria;p__Actinobacteria;c__Thermoleophilia,k__Bacteria;p__Actinobacteria;c__Actinobacteria,k__Bacteria;p__Actinobacteria;c__Coriobacteriia,k__Bacteria;p__Firmicutes;c__Bacilli,k__Bacteria;p__Actinobacteria;c__Acidimicrobiia,k__Bacteria;p__Synergistetes;c__Synergistia,k__Bacteria;p__TM7;c__TM7-3,k__Bacteria;p__Proteobacteria;c__Betaproteobacteria,k__Bacteria;p__SR1;c__,k__Bacteria;p__Chloroflexi;c__Anaerolineae,k__Bacteria;p__Chloroflexi;c__Ellin6529,k__Bacteria;p__Firmicutes;c__Erysipelotrichi,k__Bacteria;p__FBP;c__,k__Bacteria;p__Fusobacteria;c__Fusobacteriia,k__Bacteria;p__GN02;c__BD1-5,Unassigned;__;__,barcode-sequence,body-site,year,month,day,subject,reported-antibiotic-usage,days-since-experiment-start
L1S105,2705.0,0.0,0.0,0.0,0.0,79.0,0.0,0.0,38.0,0.0,201.0,0.0,0.0,0.0,0.0,4653.0,0.0,0.0,0.0,0.0,0.0,0.0,0.0,0.0,0.0,0.0,0.0,0.0,0.0,0.0,0.0,0.0,0.0,40.0,0.0,0.0,0.0,33.0,0.0,31.0,0.0,0.0,AGTGCGATGCGT,gut,2009.0,3.0,17.0,subject-1,No,140.0
L1S140,2076.0,0.0,0.0,0.0,0.0,92.0,0.0,0.0,60.0,0.0,0.0,0.0,0.0,0.0,0.0,4917.0,0.0,0.0,0.0,0.0,0.0,0.0,0.0,0.0,0.0,0.0,0.0,7.0,0.0,0.0,0.0,0.0,0.0,11.0,0.0,0.0,0.0,0.0,0.0,0.0,0.0,0.0,ATGGCAGCTCTA,gut,2008.0,10.0,28.0,subject-2,Yes,0.0
L1S208,2882.0,0.0,0.0,0.0,0.0,31.0,0.0,0.0,11.0,0.0,3.0,0.0,0.0,0.0,0.0,5159.0,0.0,0.0,0.0,0.0,0.0,0.0,0.0,0.0,0.0,0.0,0.0,0.0,2.0,18.0,0.0,0.0,0.0,5.0,0.0,0.0,0.0,41.0,0.0,0.0,0.0,0.0,CTGAGATACGCG,gut,2009.0,1.0,20.0,subject-2,No,84.0
L1S257,2321.0,0.0,0.0,0.0,0.0,53.0,0.0,0.0,0.0,0.0,6.0,0.0,0.0,0.0,0.0,3881.0,0.0,0.0,0.0,0.0,0.0,0.0,0.0,0.0,0.0,0.0,0.0,0.0,3.0,9.0,0.0,0.0,0.0,99.0,0.0,0.0,0.0,16.0,0.0,0.0,0.0,0.0,CCGACTGAGATG,gut,2009.0,3.0,17.0,subject-2,No,140.0
L1S281,2986.0,0.0,0.0,0.0,0.0,39.0,0.0,0.0,5.0,0.0,0.0,0.0,0.0,0.0,0.0,3525.0,0.0,0.0,0.0,0.0,0.0,0.0,0.0,0.0,0.0,0.0,0.0,0.0,0.0,0.0,0.0,0.0,0.0,48.0,0.0,0.0,0.0,12.0,0.0,0.0,0.0,0.0,CCTCTCGTGATC,gut,2009.0,4.0,14.0,subject-2,No,168.0
L1S57,3578.0,0.0,0.0,0.0,0.0,35.0,0.0,0.0,0.0,0.0,32.0,0.0,0.0,0.0,0.0,4845.0,0.0,0.0,0.0,0.0,0.0,0.0,0.0,0.0,0.0,0.0,0.0,0.0,0.0,5.0,0.0,0.0,0.0,154.0,0.0,0.0,0.0,53.0,0.0,0.0,0.0,0.0,ACACACTATGGC,gut,2009.0,1.0,20.0,subject-1,No,84.0
L1S76,2559.0,0.0,0.0,0.0,0.0,29.0,0.0,0.0,188.0,0.0,9.0,0.0,0.0,0.0,0.0,4900.0,0.0,0.0,0.0,0.0,0.0,0.0,0.0,0.0,0.0,0.0,0.0,0.0,0.0,3.0,0.0,0.0,0.0,107.0,0.0,0.0,0.0,72.0,0.0,0.0,0.0,0.0,ACTACGTGTGGT,gut,2009.0,2.0,17.0,subject-1,No,112.0
L1S8,1424.0,0.0,0.0,0.0,0.0,62.0,0.0,0.0,250.0,0.0,582.0,0.0,0.0,0.0,0.0,4682.0,0.0,0.0,0.0,0.0,0.0,0.0,0.0,0.0,0.0,0.0,0.0,0.0,0.0,30.0,0.0,0.0,0.0,0.0,0.0,0.0,0.0,0.0,0.0,3.0,0.0,0.0,AGCTGACTAGTC,gut,2008.0,10.0,28.0,subject-1,Yes,0.0
L2S155,438.0,163.0,25.0,0.0,67.0,0.0,0.0,0.0,1062.0,0.0,3.0,0.0,0.0,10.0,0.0,64.0,18.0,0.0,0.0,4.0,5.0,11.0,7.0,0.0,0.0,0.0,0.0,1193.0,0.0,520.0,0.0,0.0,0.0,146.0,0.0,0.0,0.0,2.0,0.0,194.0,0.0,0.0,ACGATGCGACCA,left palm,2009.0,1.0,20.0,subject-1,No,84.0
L2S175,389.0,65.0,10.0,0.0,8.0,0.0,0.0,0.0,355.0,0.0,0.0,0.0,0.0,0.0,0.0,251.0,22.0,7.0,0.0,4.0,7.0,6.0,8.0,0.0,0.0,0.0,0.0,1479.0,0.0,1451.0,0.0,0.0,0.0,153.0,0.0,0.0,0.0,0.0,2.0,166.0,3.0,0.0,AGCTATCCACGA,left palm,2009.0,2.0,17.0,subject-1,No,112.0
L2S204,182.0,117.0,51.0,0.0,117.0,2.0,0.0,0.0,1676.0,0.0,0.0,0.0,0.0,3.0,0.0,91.0,94.0,201.0,0.0,0.0,0.0,14.0,6.0,0.0,0.0,0.0,0.0,141.0,0.0,245.0,0.0,0.0,0.0,104.0,5.0,0.0,0.0,19.0,0.0,90.0,0.0,0.0,ATGCAGCTCAGT,left palm,2009.0,3.0,17.0,subject-1,No,140.0
L2S222,158.0,183.0,50.0,0.0,175.0,7.0,0.0,0.0,1075.0,0.0,0.0,0.0,0.0,11.0,0.0,177.0,217.0,45.0,0.0,10.0,0.0,25.0,8.0,0.0,3.0,0.0,7.0,255.0,0.0,344.0,0.0,0.0,0.0,308.0,5.0,0.0,3.0,6.0,0.0,113.0,2.0,0.0,CACGTGACATGT,left palm,2009.0,4.0,14.0,subject-1,No,168.0
L2S240,445.0,2.0,0.0,0.0,7.0,0.0,0.0,0.0,1209.0,0.0,0.0,0.0,0.0,0.0,0.0,327.0,21.0,0.0,0.0,34.0,0.0,0.0,0.0,0.0,0.0,0.0,0.0,234.0,0.0,761.0,0.0,0.0,0.0,1348.0,0.0,0.0,0.0,2.0,0.0,671.0,0.0,0.0,CATATCGCAGTT,left palm,2008.0,10.0,28.0,subject-2,Yes,0.0
L2S309,223.0,54.0,10.0,0.0,47.0,0.0,0.0,0.0,101.0,2.0,0.0,0.0,0.0,0.0,0.0,50.0,17.0,9.0,0.0,3.0,0.0,0.0,0.0,0.0,0.0,0.0,0.0,199.0,0.0,582.0,0.0,0.0,0.0,74.0,0.0,0.0,0.0,0.0,0.0,48.0,0.0,0.0,CGTGCATTATCA,left palm,2009.0,1.0,20.0,subject-2,No,84.0
L2S357,266.0,52.0,2.0,0.0,39.0,0.0,0.0,0.0,428.0,0.0,0.0,0.0,0.0,0.0,0.0,45.0,10.0,14.0,0.0,8.0,0.0,0.0,0.0,0.0,0.0,0.0,0.0,394.0,0.0,943.0,0.0,0.0,0.0,144.0,0.0,0.0,0.0,0.0,0.0,28.0,0.0,0.0,CTAACGCAGTCA,left palm,2009.0,3.0,17.0,subject-2,No,140.0
L2S382,674.0,6.0,0.0,53.0,7.0,0.0,0.0,0.0,227.0,0.0,0.0,0.0,0.0,0.0,0.0,637.0,99.0,0.0,0.0,68.0,0.0,0.0,10.0,0.0,0.0,0.0,0.0,372.0,15.0,796.0,0.0,38.0,0.0,460.0,0.0,0.0,0.0,12.0,0.0,612.0,3.0,0.0,CTCAATGACTCA,left palm,2009.0,4.0,14.0,subject-2,No,168.0
L3S242,165.0,0.0,0.0,0.0,0.0,18.0,0.0,0.0,46.0,0.0,23.0,0.0,0.0,0.0,0.0,641.0,0.0,0.0,0.0,0.0,0.0,0.0,0.0,0.0,0.0,0.0,0.0,0.0,0.0,4.0,0.0,0.0,0.0,0.0,0.0,0.0,0.0,0.0,0.0,0.0,0.0,0.0,ACAGTTGCGCGA,right palm,2008.0,10.0,28.0,subject-1,Yes,0.0
L3S294,97.0,18.0,4.0,0.0,82.0,0.0,0.0,0.0,353.0,0.0,0.0,0.0,0.0,0.0,0.0,9.0,0.0,2.0,0.0,0.0,0.0,0.0,0.0,0.0,0.0,0.0,0.0,442.0,0.0,131.0,0.0,0.0,0.0,69.0,0.0,0.0,0.0,0.0,0.0,18.0,0.0,0.0,CACGACAGGCTA,right palm,2009.0,1.0,20.0,subject-1,No,84.0
L3S313,136.0,13.0,0.0,0.0,0.0,0.0,0.0,0.0,67.0,0.0,0.0,0.0,0.0,0.0,0.0,33.0,0.0,0.0,0.0,0.0,6.0,0.0,0.0,0.0,0.0,0.0,0.0,370.0,0.0,426.0,0.0,0.0,0.0,34.0,0.0,0.0,0.0,0.0,0.0,18.0,0.0,0.0,AGTGTCACGGTG,right palm,2009.0,2.0,17.0,subject-1,No,112.0
L3S341,76.0,28.0,0.0,0.0,39.0,0.0,0.0,0.0,413.0,0.0,0.0,0.0,0.0,0.0,0.0,81.0,9.0,25.0,0.0,0.0,2.0,0.0,0.0,0.0,0.0,0.0,0.0,69.0,0.0,152.0,0.0,0.0,0.0,43.0,0.0,0.0,0.0,6.0,0.0,19.0,0.0,0.0,CAAGTGAGAGAG,right palm,2009.0,3.0,17.0,subject-1,No,140.0
L3S360,18.0,48.0,6.0,0.0,114.0,0.0,0.0,0.0,388.0,0.0,0.0,0.0,0.0,0.0,0.0,41.0,48.0,9.0,0.0,0.0,0.0,0.0,0.0,0.0,0.0,0.0,0.0,81.0,0.0,88.0,0.0,0.0,0.0,90.0,0.0,0.0,0.0,2.0,0.0,36.0,0.0,0.0,CATCGTATCAAC,right palm,2009.0,4.0,14.0,subject-1,No,168.0
L3S378,396.0,0.0,0.0,0.0,0.0,18.0,0.0,0.0,6.0,0.0,0.0,0.0,0.0,0.0,0.0,820.0,0.0,0.0,0.0,0.0,0.0,0.0,0.0,0.0,0.0,0.0,0.0,0.0,0.0,3.0,0.0,0.0,0.0,6.0,0.0,0.0,0.0,0.0,0.0,0.0,0.0,0.0,ATCGATCTGTGG,right palm,2008.0,10.0,28.0,subject-2,Yes,0.0
L4S112,834.0,187.0,18.0,0.0,193.0,0.0,2.0,0.0,1256.0,0.0,0.0,3.0,5.0,0.0,4.0,224.0,96.0,34.0,0.0,12.0,0.0,13.0,24.0,0.0,0.0,6.0,0.0,1284.0,0.0,3553.0,0.0,0.0,0.0,455.0,5.0,0.0,0.0,25.0,0.0,107.0,0.0,0.0,GCGTTACACACA,right palm,2009.0,3.0,17.0,subject-2,No,140.0
L4S137,905.0,158.0,0.0,23.0,42.0,0.0,0.0,0.0,899.0,0.0,0.0,0.0,0.0,0.0,0.0,646.0,112.0,0.0,0.0,34.0,0.0,0.0,546.0,0.0,0.0,0.0,0.0,1087.0,9.0,2856.0,0.0,27.0,0.0,1980.0,0.0,0.0,0.0,5.0,0.0,489.0,2.0,0.0,GAACTGTATCTC,right palm,2009.0,4.0,14.0,subject-2,No,168.0
L4S63,1719.0,745.0,78.0,3.0,515.0,5.0,3.0,2.0,759.0,3.0,0.0,3.0,0.0,17.0,8.0,223.0,96.0,54.0,3.0,23.0,4.0,37.0,44.0,2.0,0.0,13.0,33.0,1614.0,0.0,2516.0,4.0,0.0,0.0,435.0,0.0,4.0,3.0,11.0,0.0,762.0,0.0,3.0,CTCGTGGAGTAG,right palm,2009.0,1.0,20.0,subject-2,No,84.0
L5S104,168.0,53.0,0.0,0.0,263.0,0.0,0.0,0.0,529.0,0.0,0.0,0.0,0.0,0.0,0.0,261.0,5.0,0.0,0.0,10.0,0.0,0.0,0.0,0.0,0.0,0.0,0.0,206.0,0.0,530.0,0.0,0.0,0.0,18.0,0.0,0.0,0.0,0.0,0.0,184.0,0.0,0.0,CAGTGTCAGGAC,tongue,2008.0,10.0,28.0,subject-1,Yes,0.0
L5S155,118.0,0.0,0.0,0.0,0.0,0.0,0.0,0.0,467.0,0.0,0.0,0.0,0.0,0.0,0.0,138.0,0.0,0.0,0.0,8.0,0.0,0.0,0.0,0.0,0.0,0.0,0.0,64.0,0.0,450.0,0.0,0.0,0.0,508.0,0.0,0.0,0.0,0.0,0.0,47.0,0.0,0.0,ATCTTAGACTGC,tongue,2009.0,1.0,20.0,subject-1,No,84.0
L5S174,329.0,0.0,0.0,0.0,0.0,0.0,0.0,0.0,254.0,0.0,0.0,0.0,0.0,0.0,0.0,777.0,0.0,0.0,0.0,21.0,0.0,0.0,0.0,0.0,0.0,0.0,0.0,82.0,5.0,283.0,0.0,0.0,0.0,85.0,0.0,0.0,0.0,2.0,0.0,115.0,0.0,0.0,CAGACATTGCGT,tongue,2009.0,2.0,17.0,subject-1,No,112.0
L5S203,193.0,0.0,0.0,0.0,0.0,0.0,0.0,0.0,358.0,0.0,0.0,0.0,0.0,0.0,0.0,186.0,3.0,0.0,0.0,38.0,0.0,0.0,0.0,0.0,0.0,0.0,0.0,107.0,0.0,529.0,0.0,0.0,0.0,479.0,0.0,0.0,0.0,0.0,0.0,219.0,0.0,0.0,CGATGCACCAGA,tongue,2009.0,3.0,17.0,subject-1,No,140.0
L5S222,192.0,0.0,0.0,0.0,8.0,0.0,0.0,0.0,390.0,0.0,0.0,0.0,0.0,0.0,0.0,481.0,0.0,0.0,0.0,18.0,0.0,0.0,0.0,0.0,0.0,0.0,0.0,44.0,0.0,382.0,0.0,0.0,0.0,479.0,0.0,0.0,0.0,3.0,0.0,524.0,0.0,0.0,CTAGAGACTCTT,tongue,2009.0,4.0,14.0,subject-1,No,168.0
L5S240,129.0,0.0,0.0,0.0,0.0,0.0,0.0,0.0,532.0,0.0,0.0,0.0,0.0,0.0,0.0,133.0,0.0,0.0,0.0,7.0,0.0,0.0,0.0,0.0,0.0,0.0,0.0,104.0,0.0,265.0,0.0,0.0,0.0,446.0,0.0,0.0,0.0,0.0,0.0,176.0,0.0,0.0,CTGGACTCATAG,tongue,2008.0,10.0,28.0,subject-2,Yes,0.0
L6S20,574.0,0.0,0.0,0.0,0.0,0.0,0.0,0.0,940.0,0.0,0.0,0.0,0.0,0.0,0.0,366.0,8.0,0.0,0.0,73.0,0.0,0.0,0.0,0.0,0.0,0.0,0.0,200.0,5.0,465.0,0.0,0.0,0.0,3548.0,0.0,0.0,0.0,8.0,0.0,668.0,0.0,0.0,GAGGCTCATCAT,tongue,2009.0,1.0,20.0,subject-2,No,84.0
L6S68,414.0,0.0,0.0,0.0,0.0,0.0,0.0,0.0,1291.0,0.0,0.0,0.0,0.0,0.0,0.0,361.0,10.0,0.0,0.0,31.0,0.0,0.0,0.0,0.0,0.0,0.0,0.0,258.0,7.0,890.0,0.0,0.0,0.0,1728.0,0.0,0.0,0.0,11.0,0.0,979.0,0.0,0.0,GATACGTCCTGA,tongue,2009.0,3.0,17.0,subject-2,No,140.0
L6S93,670.0,0.0,0.0,0.0,0.0,0.0,0.0,0.0,724.0,0.0,0.0,0.0,0.0,0.0,0.0,2545.0,23.0,0.0,0.0,107.0,0.0,0.0,0.0,0.0,0.0,0.0,0.0,52.0,13.0,727.0,0.0,0.0,2.0,1344.0,0.0,0.0,0.0,26.0,0.0,720.0,0.0,0.0,GATTAGCACTCT,tongue,2009.0,4.0,14.0,subject-2,No,168.0
