index,k__Bacteria;p__Firmicutes;c__Clostridia;o__Clostridiales,k__Bacteria;p__Proteobacteria;c__Alphaproteobacteria;o__Rickettsiales,k__Bacteria;__;__;__,k__Bacteria;p__Spirochaetes;c__Spirochaetes;o__Spirochaetales,k__Bacteria;p__Cyanobacteria;c__Chloroplast;o__Streptophyta,k__Bacteria;p__Proteobacteria;c__Deltaproteobacteria;o__Myxococcales,k__Bacteria;p__Planctomycetes;c__Planctomycetia;o__Planctomycetales,k__Bacteria;p__Proteobacteria;c__Alphaproteobacteria;o__Rhodospirillales,k__Bacteria;p__Cyanobacteria;c__Nostocophycideae;o__Nostocales,k__Bacteria;p__Proteobacteria;c__Gammaproteobacteria;o__Pseudomonadales,k__Bacteria;p__Verrucomicrobia;c__[Pedosphaerae];o__[Pedosphaerales],k__Bacteria;p__Verrucomicrobia;c__Verrucomicrobiae;o__Verrucomicrobiales,k__Bacteria;p__Verrucomicrobia;c__[Spartobacteria];o__[Chthoniobacterales],k__Bacteria;p__Planctomycetes;c__Phycisphaerae;o__WD2101,k__Bacteria;p__Tenericutes;c__Mollicutes;o__Mycoplasmatales,k__Archaea;p__Crenarchaeota;c__Thaumarchaeota;o__Nitrososphaerales,k__Bacteria;p__Proteobacteria;c__Alphaproteobacteria;o__Rhizobiales,k__Bacteria;p__Proteobacteria;c__Alphaproteobacteria;o__Caulobacterales,k__Bacteria;p__Proteobacteria;c__Gammaproteobacteria;o__Xanthomonadales,k__Bacteria;p__Proteobacteria;c__Deltaproteobacteria;o__Bdellovibrionales,k__Bacteria;p__Proteobacteria;c__Alphaproteobacteria;o__Sphingomonadales,k__Bacteria;p__Proteobacteria;c__Gammaproteobacteria;o__Aeromonadales,k__Bacteria;p__Bacteroidetes;c__Bacteroidia;o__Bacteroidales,k__Bacteria;p__Bacteroidetes;c__Flavobacteriia;o__Flavobacteriales,k__Bacteria;p__Bacteroidetes;c__Sphingobacteriia;o__Sphingobacteriales,k__Bacteria;p__Proteobacteria;c__Alphaproteobacteria;o__Rhodobacterales,k__Bacteria;p__Bacteroidetes;c__[Rhodothermi];o__[Rhodothermales],k__Bacteria;p__Proteobacteria;c__Gammaproteobacteria;o__Pasteurellales,k__Bacteria;p__Proteobacteria;c__Deltaproteobacteria;o__Desulfovibrionales,k__Bacteria;p__Proteobacteria;c__Gammaproteobacteria;o__Enterobacteriales,k__Bacteria;p__Proteobacteria;c__Gammaproteobacteria;o__Alteromonadales,k__Bacteria;p__Proteobacteria;c__Epsilonproteobacteria;o__Campylobacterales,k__Bacteria;p__[Thermi];c__Deinococci;o__Deinococcales,k__Bacteria;p__Bacteroidetes;c__[Saprospirae];o__[Saprospirales],k__Bacteria;p__Proteobacteria;c__Gammaproteobacteria;o__Cardiobacteriales,k__Bacteria;p__Bacteroidetes;c__Cytophagia;o__Cytophagales,k__Bacteria;p__Proteobacteria;c__Gammaproteobacteria;o__Vibrionales,k__Bacteria;p__Proteobacteria;c__Gammaproteobacteria;o__Legionellales,k__Bacteria;p__Proteobacteria;c__TA18;o__PHOS-HD29,k__Bacteria;p__Cyanobacteria;c__Chloroplast;o__Chlorophyta,k__Bacteria;p__Proteobacteria;__;__,k__Bacteria;p__Acidobacteria;c__[Chloracidobacteria];o__RB41,k__Bacteria;p__Actinobacteria;c__Thermoleophilia;o__Solirubrobacterales,k__Bacteria;p__Actinobacteria;c__Actinobacteria;o__Actinomycetales,k__Bacteria;p__Actinobacteria;c__Coriobacteriia;o__Coriobacteriales,k__Bacteria;p__Firmicutes;c__Bacilli;o__Bacillales,k__Bacteria;p__Actinobacteria;c__Thermoleophilia;o__Gaiellales,k__Bacteria;p__Actinobacteria;c__Acidimicrobiia;o__Acidimicrobiales,k__Bacteria;p__Synergistetes;c__Synergistia;o__Synergistales,k__Bacteria;p__TM7;c__TM7-3;o__,k__Bacteria;p__Proteobacteria;c__Betaproteobacteria;o__Burkholderiales,k__Bacteria;p__Proteobacteria;c__Betaproteobacteria;o__Neisseriales,k__Bacteria;p__Actinobacteria;c__Actinobacteria;o__Bifidobacteriales,k__Bacteria;p__Proteobacteria;c__Betaproteobacteria;__,k__Bacteria;p__Proteobacteria;c__Betaproteobacteria;o__Methylophilales,k__Bacteria;p__Proteobacteria;c__Betaproteobacteria;o__Rhodocyclales,k__Bacteria;p__Firmicutes;c__Bacilli;o__Lactobacillales,k__Bacteria;p__SR1;c__;o__,k__Bacteria;p__Chloroflexi;c__Anaerolineae;o__Caldilineales,k__Bacteria;p__Chloroflexi;c__Ellin6529;o__,k__Bacteria;p__Firmicutes;c__Erysipelotrichi;o__Erysipelotrichales,k__Bacteria;p__Firmicutes;c__Bacilli;o__Gemellales,k__Bacteria;p__Firmicutes;c__Bacilli;__,k__Bacteria;p__Firmicutes;c__Clostridia;o__OPB54,k__Bacteria;p__FBP;c__;o__,k__Bacteria;p__Firmicutes;c__Bacilli;o__Turicibacterales,k__Bacteria;p__Fusobacteria;c__Fusobacteriia;o__Fusobacteriales,k__Bacteria;p__GN02;c__BD1-5;o__,Unassigned;__;__;__,barcode-sequence,body-site,year,month,day,subject,reported-antibiotic-usage,days-since-experiment-start
L1S105,2705.0,0.0,0.0,0.0,0.0,0.0,0.0,0.0,0.0,0.0,0.0,201.0,0.0,0.0,0.0,0.0,0.0,0.0,0.0,0.0,0.0,0.0,4653.0,0.0,0.0,0.0,0.0,0.0,79.0,38.0,0.0,0.0,0.0,0.0,0.0,0.0,0.0,0.0,0.0,0.0,0.0,0.0,0.0,0.0,0.0,0.0,0.0,0.0,0.0,0.0,35.0,5.0,0.0,0.0,0.0,0.0,0.0,0.0,0.0,0.0,33.0,0.0,0.0,0.0,0.0,0.0,31.0,0.0,0.0,AGTGCGATGCGT,gut,2009.0,3.0,17.0,subject-1,No,140.0
L1S140,2076.0,0.0,0.0,0.0,0.0,0.0,0.0,0.0,0.0,0.0,0.0,0.0,0.0,0.0,0.0,0.0,0.0,0.0,0.0,0.0,0.0,0.0,4917.0,0.0,0.0,0.0,0.0,0.0,92.0,60.0,0.0,0.0,0.0,0.0,0.0,0.0,0.0,0.0,0.0,0.0,0.0,0.0,0.0,7.0,0.0,0.0,0.0,0.0,0.0,0.0,11.0,0.0,0.0,0.0,0.0,0.0,0.0,0.0,0.0,0.0,0.0,0.0,0.0,0.0,0.0,0.0,0.0,0.0,0.0,ATGGCAGCTCTA,gut,2008.0,10.0,28.0,subject-2,Yes,0.0
L1S208,2882.0,0.0,0.0,0.0,0.0,0.0,0.0,0.0,0.0,0.0,0.0,3.0,0.0,0.0,0.0,0.0,0.0,0.0,0.0,0.0,0.0,0.0,5159.0,0.0,0.0,0.0,0.0,5.0,31.0,6.0,0.0,0.0,0.0,0.0,0.0,0.0,0.0,0.0,0.0,0.0,0.0,0.0,0.0,0.0,2.0,0.0,0.0,0.0,0.0,0.0,5.0,0.0,0.0,0.0,0.0,0.0,12.0,0.0,0.0,0.0,41.0,0.0,6.0,0.0,0.0,0.0,0.0,0.0,0.0,CTGAGATACGCG,gut,2009.0,1.0,20.0,subject-2,No,84.0
L1S257,2321.0,0.0,0.0,0.0,0.0,0.0,0.0,0.0,0.0,0.0,0.0,6.0,0.0,0.0,0.0,0.0,0.0,0.0,0.0,0.0,0.0,0.0,3881.0,0.0,0.0,0.0,0.0,0.0,53.0,0.0,0.0,0.0,0.0,0.0,0.0,0.0,0.0,0.0,0.0,0.0,0.0,0.0,0.0,0.0,3.0,0.0,0.0,0.0,0.0,0.0,99.0,0.0,0.0,0.0,0.0,0.0,2.0,0.0,0.0,0.0,16.0,0.0,7.0,0.0,0.0,0.0,0.0,0.0,0.0,CCGACTGAGATG,gut,2009.0,3.0,17.0,subject-2,No,140.0
L1S281,2986.0,0.0,0.0,0.0,0.0,0.0,0.0,0.0,0.0,0.0,0.0,0.0,0.0,0.0,0.0,0.0,0.0,0.0,0.0,0.0,0.0,0.0,3525.0,0.0,0.0,0.0,0.0,0.0,39.0,5.0,0.0,0.0,0.0,0.0,0.0,0.0,0.0,0.0,0.0,0.0,0.0,0.0,0.0,0.0,0.0,0.0,0.0,0.0,0.0,0.0,48.0,0.0,0.0,0.0,0.0,0.0,0.0,0.0,0.0,0.0,12.0,0.0,0.0,0.0,0.0,0.0,0.0,0.0,0.0,CCTCTCGTGATC,gut,2009.0,4.0,14.0,subject-2,No,168.0
L1S57,3578.0,0.0,0.0,0.0,0.0,0.0,0.0,0.0,0.0,0.0,0.0,32.0,0.0,0.0,0.0,0.0,0.0,0.0,0.0,0.0,0.0,0.0,4845.0,0.0,0.0,0.0,0.0,0.0,35.0,0.0,0.0,0.0,0.0,0.0,0.0,0.0,0.0,0.0,0.0,0.0,0.0,0.0,0.0,0.0,0.0,0.0,0.0,0.0,0.0,0.0,154.0,0.0,0.0,0.0,0.0,0.0,5.0,0.0,0.0,0.0,53.0,0.0,0.0,0.0,0.0,0.0,0.0,0.0,0.0,ACACACTATGGC,gut,2009.0,1.0,20.0,subject-1,No,84.0
L1S76,2559.0,0.0,0.0,0.0,0.0,0.0,0.0,0.0,0.0,0.0,0.0,9.0,0.0,0.0,0.0,0.0,0.0,0.0,0.0,0.0,0.0,0.0,4900.0,0.0,0.0,0.0,0.0,0.0,29.0,188.0,0.0,0.0,0.0,0.0,0.0,0.0,0.0,0.0,0.0,0.0,0.0,0.0,0.0,0.0,0.0,0.0,0.0,0.0,0.0,0.0,107.0,0.0,0.0,0.0,0.0,0.0,0.0,0.0,0.0,0.0,72.0,0.0,0.0,0.0,0.0,3.0,0.0,0.0,0.0,ACTACGTGTGGT,gut,2009.0,2.0,17.0,subject-1,No,112.0
L1S8,1424.0,0.0,0.0,0.0,0.0,0.0,0.0,0.0,0.0,0.0,0.0,582.0,0.0,0.0,0.0,0.0,0.0,0.0,0.0,0.0,0.0,0.0,4682.0,0.0,0.0,0.0,0.0,5.0,62.0,245.0,0.0,0.0,0.0,0.0,0.0,0.0,0.0,0.0,0.0,0.0,0.0,0.0,0.0,0.0,0.0,0.0,0.0,0.0,0.0,0.0,0.0,0.0,0.0,0.0,0.0,0.0,30.0,0.0,0.0,0.0,0.0,0.0,0.0,0.0,0.0,0.0,3.0,0.0,0.0,AGCTGACTAGTC,gut,2008.0,10.0,28.0,subject-1,Yes,0.0
L2S155,438.0,90.0,25.0,0.0,64.0,0.0,0.0,3.0,0.0,959.0,0.0,3.0,0.0,0.0,10.0,0.0,9.0,23.0,0.0,0.0,21.0,0.0,64.0,18.0,0.0,17.0,0.0,89.0,0.0,14.0,0.0,4.0,5.0,11.0,0.0,7.0,0.0,0.0,0.0,3.0,0.0,0.0,0.0,1193.0,0.0,5.0,0.0,0.0,0.0,0.0,87.0,51.0,0.0,0.0,8.0,0.0,419.0,0.0,0.0,0.0,2.0,14.0,82.0,0.0,0.0,0.0,194.0,0.0,0.0,ACGATGCGACCA,left palm,2009.0,1.0,20.0,subject-1,No,84.0
L2S175,389.0,0.0,10.0,0.0,8.0,0.0,0.0,2.0,0.0,180.0,0.0,0.0,0.0,0.0,0.0,0.0,10.0,12.0,0.0,0.0,26.0,0.0,251.0,22.0,7.0,15.0,0.0,120.0,0.0,55.0,0.0,4.0,7.0,6.0,0.0,8.0,0.0,0.0,0.0,0.0,0.0,0.0,0.0,1479.0,0.0,3.0,0.0,0.0,0.0,0.0,44.0,109.0,0.0,0.0,0.0,0.0,1172.0,0.0,0.0,0.0,0.0,49.0,227.0,0.0,2.0,0.0,166.0,3.0,0.0,AGCTATCCACGA,left palm,2009.0,2.0,17.0,subject-1,No,112.0
L2S204,182.0,42.0,51.0,0.0,117.0,0.0,0.0,3.0,0.0,1565.0,0.0,0.0,0.0,0.0,3.0,0.0,28.0,10.0,0.0,0.0,30.0,0.0,91.0,94.0,201.0,4.0,0.0,87.0,2.0,15.0,0.0,0.0,0.0,14.0,0.0,6.0,7.0,2.0,0.0,0.0,0.0,0.0,0.0,141.0,0.0,0.0,0.0,0.0,0.0,0.0,55.0,49.0,0.0,0.0,0.0,0.0,149.0,5.0,0.0,0.0,19.0,0.0,96.0,0.0,0.0,0.0,90.0,0.0,0.0,ATGCAGCTCAGT,left palm,2009.0,3.0,17.0,subject-1,No,140.0
L2S222,156.0,42.0,50.0,0.0,172.0,4.0,0.0,0.0,0.0,467.0,0.0,0.0,0.0,0.0,11.0,0.0,49.0,19.0,95.0,0.0,55.0,16.0,177.0,217.0,45.0,18.0,0.0,456.0,3.0,32.0,4.0,10.0,0.0,25.0,5.0,8.0,0.0,0.0,0.0,3.0,3.0,0.0,0.0,255.0,0.0,48.0,7.0,0.0,0.0,0.0,167.0,141.0,0.0,0.0,0.0,0.0,231.0,5.0,0.0,3.0,6.0,16.0,49.0,2.0,0.0,0.0,113.0,2.0,0.0,CACGTGACATGT,left palm,2009.0,4.0,14.0,subject-1,No,168.0
L2S240,445.0,2.0,0.0,0.0,7.0,0.0,0.0,0.0,0.0,28.0,0.0,0.0,0.0,0.0,0.0,0.0,0.0,0.0,0.0,0.0,0.0,0.0,327.0,21.0,0.0,0.0,0.0,1181.0,0.0,0.0,0.0,34.0,0.0,0.0,0.0,0.0,0.0,0.0,0.0,0.0,0.0,0.0,0.0,234.0,0.0,0.0,0.0,0.0,0.0,0.0,150.0,1198.0,0.0,0.0,0.0,0.0,712.0,0.0,0.0,0.0,2.0,49.0,0.0,0.0,0.0,0.0,671.0,0.0,0.0,CATATCGCAGTT,left palm,2008.0,10.0,28.0,subject-2,Yes,0.0
L2S309,223.0,10.0,10.0,0.0,47.0,0.0,0.0,0.0,0.0,42.0,2.0,0.0,0.0,0.0,0.0,0.0,7.0,4.0,0.0,0.0,17.0,0.0,50.0,17.0,9.0,16.0,0.0,59.0,0.0,0.0,0.0,3.0,0.0,0.0,0.0,0.0,0.0,0.0,0.0,0.0,0.0,0.0,0.0,199.0,0.0,0.0,0.0,0.0,0.0,0.0,27.0,47.0,0.0,0.0,0.0,0.0,308.0,0.0,0.0,0.0,0.0,0.0,274.0,0.0,0.0,0.0,48.0,0.0,0.0,CGTGCATTATCA,left palm,2009.0,1.0,20.0,subject-2,No,84.0
L2S357,266.0,34.0,2.0,0.0,39.0,0.0,0.0,0.0,0.0,304.0,0.0,0.0,0.0,0.0,0.0,0.0,0.0,0.0,0.0,0.0,18.0,0.0,45.0,10.0,14.0,0.0,0.0,124.0,0.0,0.0,0.0,8.0,0.0,0.0,0.0,0.0,0.0,0.0,0.0,0.0,0.0,0.0,0.0,394.0,0.0,0.0,0.0,0.0,0.0,0.0,23.0,121.0,0.0,0.0,0.0,0.0,595.0,0.0,0.0,0.0,0.0,30.0,318.0,0.0,0.0,0.0,28.0,0.0,0.0,CTAACGCAGTCA,left palm,2009.0,3.0,17.0,subject-2,No,140.0
L2S382,674.0,0.0,0.0,53.0,7.0,0.0,0.0,0.0,0.0,9.0,0.0,0.0,0.0,0.0,0.0,0.0,0.0,0.0,0.0,0.0,6.0,0.0,637.0,99.0,0.0,0.0,0.0,182.0,0.0,0.0,0.0,68.0,0.0,0.0,36.0,10.0,0.0,0.0,0.0,0.0,0.0,0.0,0.0,366.0,15.0,0.0,0.0,0.0,38.0,0.0,208.0,234.0,6.0,18.0,0.0,0.0,676.0,0.0,0.0,0.0,12.0,15.0,105.0,0.0,0.0,0.0,612.0,3.0,0.0,CTCAATGACTCA,left palm,2009.0,4.0,14.0,subject-2,No,168.0
L3S242,165.0,0.0,0.0,0.0,0.0,0.0,0.0,0.0,0.0,0.0,0.0,23.0,0.0,0.0,0.0,0.0,0.0,0.0,0.0,0.0,0.0,0.0,641.0,0.0,0.0,0.0,0.0,5.0,18.0,41.0,0.0,0.0,0.0,0.0,0.0,0.0,0.0,0.0,0.0,0.0,0.0,0.0,0.0,0.0,0.0,0.0,0.0,0.0,0.0,0.0,0.0,0.0,0.0,0.0,0.0,0.0,4.0,0.0,0.0,0.0,0.0,0.0,0.0,0.0,0.0,0.0,0.0,0.0,0.0,ACAGTTGCGCGA,right palm,2008.0,10.0,28.0,subject-1,Yes,0.0
L3S294,97.0,18.0,4.0,0.0,82.0,0.0,0.0,0.0,0.0,334.0,0.0,0.0,0.0,0.0,0.0,0.0,0.0,0.0,0.0,0.0,0.0,0.0,9.0,0.0,2.0,0.0,0.0,14.0,0.0,5.0,0.0,0.0,0.0,0.0,0.0,0.0,0.0,0.0,0.0,0.0,0.0,0.0,0.0,442.0,0.0,0.0,0.0,0.0,0.0,0.0,47.0,22.0,0.0,0.0,0.0,0.0,56.0,0.0,0.0,0.0,0.0,0.0,75.0,0.0,0.0,0.0,18.0,0.0,0.0,CACGACAGGCTA,right palm,2009.0,1.0,20.0,subject-1,No,84.0
L3S313,136.0,0.0,0.0,0.0,0.0,0.0,0.0,0.0,0.0,37.0,0.0,0.0,0.0,0.0,0.0,0.0,0.0,6.0,0.0,0.0,7.0,0.0,33.0,0.0,0.0,0.0,0.0,16.0,0.0,14.0,0.0,0.0,6.0,0.0,0.0,0.0,0.0,0.0,0.0,0.0,0.0,0.0,0.0,370.0,0.0,0.0,0.0,0.0,0.0,0.0,12.0,22.0,0.0,0.0,0.0,0.0,264.0,0.0,0.0,0.0,0.0,17.0,145.0,0.0,0.0,0.0,18.0,0.0,0.0,AGTGTCACGGTG,right palm,2009.0,2.0,17.0,subject-1,No,112.0
L3S341,76.0,8.0,0.0,0.0,39.0,0.0,0.0,0.0,0.0,345.0,0.0,0.0,0.0,0.0,0.0,0.0,10.0,0.0,0.0,0.0,10.0,0.0,81.0,9.0,25.0,0.0,0.0,56.0,0.0,0.0,0.0,0.0,2.0,0.0,0.0,0.0,12.0,0.0,0.0,0.0,0.0,0.0,0.0,69.0,0.0,0.0,0.0,0.0,0.0,0.0,21.0,22.0,0.0,0.0,0.0,0.0,93.0,0.0,0.0,0.0,6.0,0.0,59.0,0.0,0.0,0.0,19.0,0.0,0.0,CAAGTGAGAGAG,right palm,2009.0,3.0,17.0,subject-1,No,140.0
L3S360,18.0,25.0,6.0,0.0,114.0,0.0,0.0,3.0,0.0,250.0,0.0,0.0,0.0,0.0,0.0,0.0,13.0,7.0,27.0,0.0,0.0,8.0,41.0,48.0,9.0,0.0,0.0,94.0,0.0,9.0,0.0,0.0,0.0,0.0,0.0,0.0,0.0,0.0,0.0,0.0,0.0,0.0,0.0,81.0,0.0,0.0,0.0,0.0,0.0,0.0,61.0,29.0,0.0,0.0,0.0,0.0,64.0,0.0,0.0,0.0,2.0,0.0,24.0,0.0,0.0,0.0,36.0,0.0,0.0,CATCGTATCAAC,right palm,2009.0,4.0,14.0,subject-1,No,168.0
L3S378,396.0,0.0,0.0,0.0,0.0,0.0,0.0,0.0,0.0,0.0,0.0,0.0,0.0,0.0,0.0,0.0,0.0,0.0,0.0,0.0,0.0,0.0,820.0,0.0,0.0,0.0,0.0,0.0,18.0,6.0,0.0,0.0,0.0,0.0,0.0,0.0,0.0,0.0,0.0,0.0,0.0,0.0,0.0,0.0,0.0,0.0,0.0,0.0,0.0,0.0,6.0,0.0,0.0,0.0,0.0,0.0,3.0,0.0,0.0,0.0,0.0,0.0,0.0,0.0,0.0,0.0,0.0,0.0,0.0,ATCGATCTGTGG,right palm,2008.0,10.0,28.0,subject-2,Yes,0.0
L4S112,834.0,65.0,18.0,0.0,193.0,0.0,2.0,10.0,0.0,833.0,0.0,0.0,3.0,5.0,0.0,4.0,9.0,17.0,0.0,0.0,59.0,0.0,224.0,96.0,34.0,27.0,0.0,396.0,0.0,19.0,0.0,12.0,0.0,13.0,8.0,24.0,0.0,0.0,0.0,0.0,0.0,6.0,0.0,1284.0,0.0,41.0,0.0,0.0,0.0,0.0,110.0,340.0,0.0,0.0,0.0,5.0,2006.0,5.0,0.0,0.0,25.0,114.0,1392.0,0.0,0.0,0.0,107.0,0.0,0.0,GCGTTACACACA,right palm,2009.0,3.0,17.0,subject-2,No,140.0
L4S137,905.0,8.0,0.0,23.0,42.0,0.0,0.0,0.0,0.0,29.0,0.0,0.0,0.0,0.0,0.0,0.0,10.0,0.0,0.0,0.0,140.0,0.0,646.0,112.0,0.0,0.0,0.0,756.0,0.0,81.0,0.0,34.0,0.0,0.0,33.0,546.0,0.0,0.0,0.0,0.0,0.0,0.0,0.0,1085.0,9.0,0.0,0.0,0.0,27.0,0.0,1334.0,611.0,2.0,15.0,20.0,0.0,2236.0,0.0,0.0,0.0,5.0,254.0,366.0,0.0,0.0,0.0,489.0,2.0,0.0,GAACTGTATCTC,right palm,2009.0,4.0,14.0,subject-2,No,168.0
L4S63,1719.0,119.0,78.0,3.0,508.0,3.0,3.0,38.0,2.0,374.0,3.0,0.0,3.0,0.0,17.0,8.0,118.0,179.0,9.0,2.0,181.0,12.0,223.0,96.0,54.0,110.0,3.0,321.0,0.0,39.0,0.0,23.0,4.0,37.0,4.0,44.0,0.0,0.0,2.0,7.0,0.0,13.0,17.0,1614.0,0.0,54.0,16.0,4.0,0.0,0.0,207.0,228.0,0.0,0.0,0.0,0.0,995.0,0.0,4.0,3.0,11.0,41.0,1426.0,0.0,0.0,0.0,762.0,0.0,3.0,CTCGTGGAGTAG,right palm,2009.0,1.0,20.0,subject-2,No,84.0
L5S104,168.0,53.0,0.0,0.0,263.0,0.0,0.0,0.0,0.0,0.0,0.0,0.0,0.0,0.0,0.0,0.0,0.0,0.0,0.0,0.0,0.0,0.0,261.0,5.0,0.0,0.0,0.0,529.0,0.0,0.0,0.0,10.0,0.0,0.0,0.0,0.0,0.0,0.0,0.0,0.0,0.0,0.0,0.0,206.0,0.0,0.0,0.0,0.0,0.0,0.0,0.0,18.0,0.0,0.0,0.0,0.0,501.0,0.0,0.0,0.0,0.0,29.0,0.0,0.0,0.0,0.0,184.0,0.0,0.0,CAGTGTCAGGAC,tongue,2008.0,10.0,28.0,subject-1,Yes,0.0
L5S155,118.0,0.0,0.0,0.0,0.0,0.0,0.0,0.0,0.0,0.0,0.0,0.0,0.0,0.0,0.0,0.0,0.0,0.0,0.0,0.0,0.0,0.0,138.0,0.0,0.0,0.0,0.0,467.0,0.0,0.0,0.0,8.0,0.0,0.0,0.0,0.0,0.0,0.0,0.0,0.0,0.0,0.0,0.0,64.0,0.0,0.0,0.0,0.0,0.0,0.0,0.0,508.0,0.0,0.0,0.0,0.0,429.0,0.0,0.0,0.0,0.0,21.0,0.0,0.0,0.0,0.0,47.0,0.0,0.0,ATCTTAGACTGC,tongue,2009.0,1.0,20.0,subject-1,No,84.0
L5S174,329.0,0.0,0.0,0.0,0.0,0.0,0.0,0.0,0.0,0.0,0.0,0.0,0.0,0.0,0.0,0.0,0.0,0.0,0.0,0.0,0.0,0.0,777.0,0.0,0.0,0.0,0.0,254.0,0.0,0.0,0.0,21.0,0.0,0.0,0.0,0.0,0.0,0.0,0.0,0.0,0.0,0.0,0.0,82.0,5.0,0.0,0.0,0.0,0.0,0.0,0.0,85.0,0.0,0.0,0.0,0.0,267.0,0.0,0.0,0.0,2.0,16.0,0.0,0.0,0.0,0.0,115.0,0.0,0.0,CAGACATTGCGT,tongue,2009.0,2.0,17.0,subject-1,No,112.0
L5S203,193.0,0.0,0.0,0.0,0.0,0.0,0.0,0.0,0.0,0.0,0.0,0.0,0.0,0.0,0.0,0.0,0.0,0.0,0.0,0.0,0.0,0.0,186.0,3.0,0.0,0.0,0.0,358.0,0.0,0.0,0.0,38.0,0.0,0.0,0.0,0.0,0.0,0.0,0.0,0.0,0.0,0.0,0.0,107.0,0.0,0.0,0.0,0.0,0.0,0.0,6.0,473.0,0.0,0.0,0.0,0.0,515.0,0.0,0.0,0.0,0.0,14.0,0.0,0.0,0.0,0.0,219.0,0.0,0.0,CGATGCACCAGA,tongue,2009.0,3.0,17.0,subject-1,No,140.0
L5S222,192.0,0.0,0.0,0.0,8.0,0.0,0.0,0.0,0.0,0.0,0.0,0.0,0.0,0.0,0.0,0.0,0.0,0.0,0.0,0.0,0.0,0.0,481.0,0.0,0.0,0.0,0.0,390.0,0.0,0.0,0.0,18.0,0.0,0.0,0.0,0.0,0.0,0.0,0.0,0.0,0.0,0.0,0.0,44.0,0.0,0.0,0.0,0.0,0.0,0.0,0.0,479.0,0.0,0.0,0.0,0.0,337.0,0.0,0.0,0.0,3.0,45.0,0.0,0.0,0.0,0.0,524.0,0.0,0.0,CTAGAGACTCTT,tongue,2009.0,4.0,14.0,subject-1,No,168.0
L5S240,129.0,0.0,0.0,0.0,0.0,0.0,0.0,0.0,0.0,0.0,0.0,0.0,0.0,0.0,0.0,0.0,0.0,0.0,0.0,0.0,0.0,0.0,133.0,0.0,0.0,0.0,0.0,532.0,0.0,0.0,0.0,7.0,0.0,0.0,0.0,0.0,0.0,0.0,0.0,0.0,0.0,0.0,0.0,104.0,0.0,0.0,0.0,0.0,0.0,0.0,0.0,446.0,0.0,0.0,0.0,0.0,246.0,0.0,0.0,0.0,0.0,19.0,0.0,0.0,0.0,0.0,176.0,0.0,0.0,CTGGACTCATAG,tongue,2008.0,10.0,28.0,subject-2,Yes,0.0
L6S20,574.0,0.0,0.0,0.0,0.0,0.0,0.0,0.0,0.0,0.0,0.0,0.0,0.0,0.0,0.0,0.0,0.0,0.0,0.0,0.0,0.0,0.0,366.0,8.0,0.0,0.0,0.0,940.0,0.0,0.0,0.0,73.0,0.0,0.0,0.0,0.0,0.0,0.0,0.0,0.0,0.0,0.0,0.0,200.0,5.0,0.0,0.0,0.0,0.0,0.0,22.0,3526.0,0.0,0.0,0.0,0.0,451.0,0.0,0.0,0.0,8.0,14.0,0.0,0.0,0.0,0.0,668.0,0.0,0.0,GAGGCTCATCAT,tongue,2009.0,1.0,20.0,subject-2,No,84.0
L6S68,414.0,0.0,0.0,0.0,0.0,0.0,0.0,0.0,0.0,0.0,0.0,0.0,0.0,0.0,0.0,0.0,0.0,0.0,0.0,0.0,0.0,0.0,361.0,10.0,0.0,0.0,0.0,1291.0,0.0,0.0,0.0,31.0,0.0,0.0,0.0,0.0,0.0,0.0,0.0,0.0,0.0,0.0,0.0,258.0,7.0,0.0,0.0,0.0,0.0,0.0,5.0,1723.0,0.0,0.0,0.0,0.0,854.0,0.0,0.0,0.0,11.0,36.0,0.0,0.0,0.0,0.0,979.0,0.0,0.0,GATACGTCCTGA,tongue,2009.0,3.0,17.0,subject-2,No,140.0
L6S93,670.0,0.0,0.0,0.0,0.0,0.0,0.0,0.0,0.0,0.0,0.0,0.0,0.0,0.0,0.0,0.0,0.0,0.0,0.0,0.0,0.0,0.0,2545.0,23.0,0.0,0.0,0.0,724.0,0.0,0.0,0.0,107.0,0.0,0.0,0.0,0.0,0.0,0.0,0.0,0.0,0.0,0.0,0.0,52.0,13.0,0.0,0.0,0.0,0.0,2.0,3.0,1341.0,0.0,0.0,0.0,0.0,717.0,0.0,0.0,0.0,26.0,10.0,0.0,0.0,0.0,0.0,720.0,0.0,0.0,GATTAGCACTCT,tongue,2009.0,4.0,14.0,subject-2,No,168.0
